SortOrder,LocID,Notes,ISO3_code,ISO2_code,SDMX_code,LocTypeID,LocTypeName,ParentID,Location,VarID,Variant,Time,TPopulation1Jan,TPopulation1July,TPopulationMale1July,TPopulationFemale1July,PopDensity,PopSexRatio,MedianAgePop,NatChange,NatChangeRT,PopChange,PopGrowthRate,DoublingTime,Births,Births1519,CBR,TFR,NRR,MAC,SRB,Deaths,DeathsMale,DeathsFemale,CDR,LEx,LExMale,LExFemale,LE15,LE15Male,LE15Female,LE65,LE65Male,LE65Female,LE80,LE80Male,LE80Female,InfantDeaths,IMR,LBsurvivingAge1,Under5Deaths,Q5,Q0040,Q0040Male,Q0040Female,Q0060,Q0060Male,Q0060Female,Q1550,Q1550Male,Q1550Female,Q1560,Q1560Male,Q1560Female,NetMigrations,CNMR
20,1503,j,,,910.0,13,Income group,1802,High-income countries,2,Medium,2000,1096967.539,1100556.397,542720.39,557836.007,31.3389,97.2903,35.2289,4141.994,3.768,7177.717,0.652,106.3109,13532.358,898.729,12.312,1.6999,0.815,28.462,105.6,9390.364,4786.419,4603.945,8.544,77.6258,74.4986,80.687,63.391,60.3057,66.3991,17.9819,15.9689,19.646,8.2705,7.1409,8.925,93.039,6.8907,13451.348,111.861,8.2919,31.1326,39.9771,21.8176,111.4015,144.5489,77.1373,47.251,63.3289,30.5136,102.3813,134.9807,68.7738,3036.005,2.762
20,1503,j,,,910.0,13,Income group,1802,High-income countries,2,Medium,2001,1104145.256,1107477.476,546214.637,561262.838,31.536,97.3189,35.5373,3918.662,3.543,6664.44,0.602,115.1407,13294.759,861.117,12.02,1.6729,0.8032,28.551,105.4,9376.097,4776.142,4599.955,8.477,77.9016,74.8019,80.9314,63.642,60.5829,66.6204,18.1826,16.1839,19.8365,8.3875,7.2568,9.0424,88.136,6.619,13218.377,106.772,8.0093,30.4047,39.1034,21.2375,109.6495,142.1136,76.0968,46.5115,62.2387,30.1262,100.9375,132.8697,68.0188,2745.906,2.483
20,1503,j,,,910.0,13,Income group,1802,High-income countries,2,Medium,2002,1110809.696,1114326.598,549615.214,564711.384,31.731,97.3267,35.8415,3683.242,3.31,7033.804,0.631,109.849,13181.152,824.905,11.847,1.6616,0.7975,28.66,105.5,9497.91,4828.98,4668.93,8.537,78.0455,74.9846,81.0397,63.7693,60.7465,66.7153,18.2664,16.2934,19.9068,8.4077,7.2878,9.059,85.458,6.4768,13107.098,103.236,7.8058,29.7261,38.1295,20.8695,108.3981,140.4055,75.3339,45.8072,61.1409,29.8357,99.885,131.3909,67.4182,3350.714,3.012
20,1503,j,,,910.0,13,Income group,1802,High-income countries,2,Medium,2003,1117843.5,1121330.647,553106.448,568224.199,31.9305,97.3395,36.126,3533.254,3.155,6974.294,0.622,111.4385,13212.101,801.843,11.8,1.6671,0.8005,28.775,105.5,9678.847,4906.481,4772.366,8.645,78.1265,75.1131,81.0789,63.832,60.8573,66.7359,18.3024,16.3683,19.9184,8.3917,7.2969,9.0314,83.349,6.3116,13139.808,100.615,7.6083,29.105,37.2704,20.502,107.6931,139.4245,74.9416,45.1991,60.2182,29.5586,99.3974,130.6254,67.2438,3441.24,3.074
20,1503,j,,,910.0,13,Income group,1802,High-income countries,2,Medium,2004,1124817.794,1128500.671,556707.076,571793.596,32.1346,97.3615,36.4087,3802.706,3.375,7365.754,0.653,106.1481,13264.185,792.329,11.772,1.6755,0.8048,28.869,105.4,9461.479,4826.171,4635.308,8.397,78.5874,75.5666,81.5354,64.2723,61.2863,67.1763,18.6732,16.7113,20.3102,8.6731,7.5341,9.3403,81.624,6.16,13193.386,97.866,7.3849,28.1532,36.0908,19.7909,104.8218,135.686,72.9957,43.7778,58.2882,28.665,96.7979,127.2004,65.5192,3563.193,3.162
20,1503,j,,,910.0,13,Income group,1802,High-income countries,2,Medium,2005,1132183.548,1136133.484,560647.086,575486.398,32.352,97.4214,36.6838,3632.143,3.203,7899.873,0.695,99.7334,13282.472,786.691,11.713,1.68,0.8073,28.94,105.4,9650.329,4913.435,4736.894,8.51,78.6936,75.7001,81.6227,64.3639,61.4077,67.2465,18.7239,16.7878,20.3495,8.6475,7.5201,9.3154,79.901,6.0213,13213.21,95.596,7.2098,27.7074,35.5697,19.4226,103.7414,134.436,72.0782,43.1033,57.3195,28.2892,95.8895,126.0968,64.8015,4268.05,3.764
20,1503,j,,,910.0,13,Income group,1802,High-income countries,2,Medium,2006,1140083.421,1144598.244,565186.532,579411.712,32.593,97.5449,36.939,3999.099,3.502,9029.646,0.789,87.8514,13551.878,800.211,11.865,1.7143,0.8241,29.007,105.4,9552.779,4872.229,4680.55,8.363,79.0584,76.0833,81.963,64.7095,61.7691,67.5708,19.0226,17.0935,20.6405,8.8508,7.7133,9.5284,79.065,5.8567,13483.191,94.026,6.9926,27.0757,34.7936,18.9309,101.6841,131.7788,70.6444,42.0402,55.8816,27.6,94.0789,123.7167,63.5776,5030.752,4.404
20,1503,j,,,910.0,13,Income group,1802,High-income countries,2,Medium,2007,1149113.067,1154094.932,570365.727,583729.205,32.8635,97.7107,37.172,4127.259,3.585,9963.73,0.863,80.3183,13777.992,815.268,11.967,1.7413,0.8377,29.073,105.3,9650.733,4923.549,4727.184,8.382,79.2614,76.3117,82.1456,64.8994,61.9818,67.7434,19.1502,17.2276,20.7721,8.9116,7.7775,9.5975,78.772,5.7382,13709.608,93.423,6.847,26.4441,33.9326,18.5183,99.8262,129.2714,69.4524,40.9055,54.2824,26.9237,92.3792,121.3985,62.5063,5836.583,5.07
20,1503,j,,,910.0,13,Income group,1802,High-income countries,2,Medium,2008,1159076.797,1163865.031,575713.137,588151.893,33.1417,97.8851,37.3981,4131.549,3.558,9576.467,0.823,84.222,13907.841,816.218,11.977,1.7532,0.8439,29.153,105.3,9776.292,4977.981,4798.311,8.419,79.4636,76.5602,82.3047,65.0779,62.2062,67.8794,19.26,17.3603,20.8706,8.9448,7.8251,9.6337,76.74,5.5333,13841.32,90.989,6.602,25.5688,32.7343,17.9565,97.7085,126.388,68.1226,39.7212,52.4841,26.355,90.5442,118.801,61.4527,5444.985,4.689
20,1503,j,,,910.0,13,Income group,1802,High-income countries,2,Medium,2009,1168653.264,1172942.654,580632.121,592310.534,33.4002,98.0283,37.64,3995.084,3.413,8578.781,0.731,94.8218,13755.138,782.106,11.75,1.7302,0.8328,29.262,105.3,9760.054,4980.534,4779.52,8.337,79.764,76.8878,82.5748,65.3619,62.5152,68.1359,19.4908,17.5862,21.1098,9.1025,7.9734,9.8073,73.667,5.3566,13691.484,87.429,6.3773,24.8613,31.5862,17.6946,95.9402,123.6741,67.3616,38.6779,50.7251,26.0406,88.9773,116.3155,60.8605,4583.553,3.915
20,1503,j,,,910.0,13,Income group,1802,High-income countries,2,Medium,2010,1177232.045,1180883.744,584798.053,596085.691,33.6263,98.1064,37.9099,3793.173,3.217,7303.397,0.618,112.1597,13677.805,724.414,11.6,1.7181,0.8273,29.419,105.3,9884.632,5036.855,4847.777,8.383,79.9826,77.1461,82.7571,65.5525,62.7437,68.2925,19.5882,17.7044,21.1972,9.1473,8.0279,9.8591,69.737,5.1022,13617.56,83.127,6.0896,23.824,30.2882,16.918,93.2626,120.1977,65.5147,37.1652,48.7802,24.9633,86.6272,113.1846,59.3183,3510.458,2.977
20,1503,j,,,910.0,13,Income group,1802,High-income countries,2,Medium,2011,1184535.442,1188280.883,588706.304,599574.58,33.8369,98.1873,38.1922,3537.256,2.982,7490.882,0.63,110.0234,13530.516,666.215,11.406,1.7001,0.8187,29.565,105.3,9993.26,5081.847,4911.413,8.424,80.1548,77.3728,82.8739,65.7155,62.9611,68.4002,19.7216,17.8622,21.3148,9.2289,8.1234,9.9421,67.149,4.959,13472.621,80.403,5.9333,23.5931,29.8585,16.8996,92.0193,117.8535,65.4039,36.59,47.6403,24.9673,85.4915,110.9444,59.3164,3953.756,3.333
20,1503,j,,,910.0,13,Income group,1802,High-income countries,2,Medium,2012,1192026.324,1195666.919,592749.81,602917.109,34.0472,98.3136,38.4644,3327.041,2.787,7281.19,0.609,113.8173,13525.059,625.647,11.33,1.7014,0.8199,29.682,105.3,10198.018,5171.963,5026.055,8.543,80.284,77.5526,82.9605,65.8291,63.1229,68.4743,19.7574,17.9357,21.3272,9.2157,8.1379,9.9225,65.725,4.8607,13468.351,78.485,5.7972,22.8218,28.889,16.3362,89.7942,114.9006,63.8862,35.4116,46.1456,24.0976,83.447,108.2016,57.9445,3954.276,3.313
20,1503,j,,,910.0,13,Income group,1802,High-income countries,2,Medium,2013,1199307.514,1202704.776,596611.775,606093.002,34.2476,98.4357,38.7324,3070.189,2.556,6794.525,0.565,122.6809,13335.304,574.837,11.105,1.6795,0.8094,29.812,105.3,10265.115,5215.494,5049.621,8.549,80.4795,77.7726,83.1353,66.0136,63.3346,68.6355,19.9012,18.0843,21.4736,9.3279,8.2498,10.0447,63.485,4.7538,13280.64,75.876,5.6657,22.3499,28.2309,16.0587,88.1928,112.5081,63.0518,34.6443,44.9951,23.7121,81.9781,105.9129,57.2722,3724.515,3.102
20,1503,j,,,910.0,13,Income group,1802,High-income countries,2,Medium,2014,1206102.039,1209361.297,600252.474,609108.823,34.4372,98.546,39.0062,3092.671,2.561,6518.516,0.539,128.5987,13368.136,532.952,11.069,1.6865,0.8128,29.945,105.3,10275.465,5237.198,5038.267,8.508,80.7093,78.0151,83.3541,66.2334,63.5653,68.8463,20.1003,18.2776,21.6825,9.4954,8.4062,10.2272,62.47,4.6765,13314.245,74.186,5.5419,22.2494,28.1104,15.9757,86.8076,110.3289,62.425,34.289,44.4293,23.5536,80.7179,103.8728,56.7526,3425.947,2.837
20,1503,j,,,910.0,13,Income group,1802,High-income countries,2,Medium,2015,1212620.555,1215900.898,603982.853,611918.045,34.6234,98.7032,39.2692,2634.147,2.17,6560.687,0.54,128.3606,13311.65,493.579,10.966,1.6831,0.8111,30.074,105.3,10677.503,5423.295,5254.208,8.796,80.6011,77.9451,83.2263,66.12,63.4909,68.7125,19.995,18.2186,21.5507,9.3889,8.3482,10.0976,61.315,4.6058,13258.812,73.131,5.4839,22.5891,28.6614,16.0846,86.8254,110.3037,62.3971,34.5884,44.9001,23.6428,80.7859,103.8937,56.7787,3926.786,3.235
20,1503,j,,,910.0,13,Income group,1802,High-income countries,2,Medium,2016,1219181.242,1222446.13,607764.841,614681.289,34.8098,98.8748,39.5019,2560.312,2.098,6529.777,0.534,129.8028,13215.227,458.951,10.828,1.6744,0.8071,30.199,105.2,10654.915,5447.56,5207.355,8.73,80.8003,78.1274,83.4481,66.3141,63.6645,68.9332,20.2078,18.407,21.7895,9.5878,8.5193,10.3229,60.282,4.5589,13163.321,71.809,5.4175,23.0729,29.2346,16.4572,86.4074,109.5379,62.2326,35.0205,45.4224,23.9349,80.4414,103.2407,56.6424,3969.487,3.253
20,1503,j,,,910.0,13,Income group,1802,High-income countries,2,Medium,2017,1225711.019,1228872.207,611322.064,617550.142,34.9928,98.9915,39.7104,2026.642,1.652,6322.375,0.514,134.8535,12923.664,425.914,10.536,1.6392,0.79,30.3,105.3,10897.022,5565.849,5331.173,8.884,80.842,78.1937,83.4766,66.3495,63.7275,68.9521,20.2069,18.4289,21.7784,9.5663,8.5165,10.2999,58.298,4.4948,12873.627,69.473,5.3303,23.139,29.4229,16.3806,85.329,108.218,61.3226,34.9535,45.4103,23.7794,79.4284,101.9506,55.8364,4295.975,3.502
20,1503,j,,,910.0,13,Income group,1802,High-income countries,2,Medium,2018,1232033.394,1235045.67,614660.918,620384.752,35.1686,99.0774,39.9161,1702.751,1.381,6024.552,0.488,,12663.082,398.725,10.272,1.6069,0.7748,30.397,105.2,10960.331,5623.475,5336.856,8.891,80.9854,78.3317,83.6331,66.4843,63.8567,69.1005,20.3243,18.5345,21.9141,9.7014,8.6512,10.4411,56.003,4.4067,12615.03,66.99,5.2332,22.8648,29.014,16.2466,84.4012,107.0784,60.5727,34.6648,44.9968,23.6097,78.6049,100.9188,55.1857,4321.886,3.506
20,1503,j,,,910.0,13,Income group,1802,High-income countries,2,Medium,2019,1238057.946,1240855.725,617710.277,623145.448,35.334,99.1278,40.1354,1490.388,1.204,5595.559,0.451,,12429.845,386.995,10.035,1.5788,0.7613,30.445,105.2,10939.457,5624.527,5314.93,8.831,81.2152,78.5761,83.85,66.7076,64.0937,69.3119,20.514,18.7297,22.1019,9.8699,8.8283,10.6085,54.111,4.3392,12383.408,64.78,5.1504,22.7407,28.8563,16.1544,83.0466,105.3446,59.5712,34.4335,44.6956,23.4402,77.3345,99.2793,54.2565,4105.259,3.314
20,1503,j,,,910.0,13,Income group,1802,High-income countries,2,Medium,2020,1243653.505,1244106.77,619171.07,624935.701,35.4266,99.0776,40.3987,118.665,0.095,906.53,0.073,,12214.173,377.215,9.821,1.5536,0.7489,30.452,105.2,12095.508,6276.794,5818.714,9.726,80.3735,77.6367,83.1672,65.8459,63.1336,68.6099,19.8599,18.03,21.5328,9.4165,8.3591,10.1913,51.753,4.2239,12169.767,61.721,4.9936,24.1923,30.9575,16.9018,88.8182,113.3072,62.9218,37.7327,49.2064,25.4214,83.3142,107.4627,57.804,788.024,0.634
21,1517,j,,,,13,Income group,1802,Middle-income countries,2,Medium,2000,4590653.852,4622748.628,2336973.017,2285775.612,58.22,102.2398,23.984,65724.675,14.214,64189.553,1.389,49.9026,102796.718,14316.159,22.232,2.7032,1.1639,27.039,108.4,37072.043,19920.192,17151.851,8.018,65.5669,63.4357,67.7936,56.5151,54.2911,58.8327,14.4038,13.2551,15.4296,6.4529,5.9296,6.8,5492.503,53.5428,98602.954,7488.12,73.1903,137.9355,147.3993,128.096,262.926,298.3858,225.6291,103.6173,123.1901,83.2498,193.8872,231.427,154.484,-1535.187,-0.332
21,1517,j,,,,13,Income group,1802,Middle-income countries,2,Medium,2001,4654843.405,4686469.67,2369385.681,2317083.989,59.0225,102.2572,24.2225,65521.031,13.978,63252.53,1.35,51.3442,102595.504,14390.279,21.887,2.6627,1.1508,27.053,108.3,37074.473,20065.6,17008.873,7.909,65.9617,63.7387,68.2945,56.7392,54.4248,59.1619,14.5557,13.3302,15.6607,6.5551,5.9742,6.9483,5325.794,51.9154,98513.935,7235.307,70.7263,134.6542,144.1858,124.7383,258.0629,294.2926,219.9457,102.3074,122.0489,81.7601,190.9678,229.1926,150.8376,-2268.43,-0.484
21,1517,j,,,,13,Income group,1802,Middle-income countries,2,Medium,2002,4718095.935,4748520.25,2400845.221,2347675.029,59.804,102.2648,24.4562,65176.483,13.72,60848.63,1.281,54.1099,102522.939,14087.086,21.581,2.6268,1.1394,27.086,108.2,37346.456,20233.552,17112.904,7.861,66.2777,64.0431,68.6236,56.8705,54.5465,59.3045,14.6,13.365,15.7176,6.5754,5.9899,6.9744,5147.123,50.1881,98556.57,6973.552,68.1454,131.2344,140.6442,121.4456,253.4645,289.7473,215.3348,101.0262,120.6328,80.6227,188.4157,226.625,148.3411,-4327.706,-0.911
21,1517,j,,,,13,Income group,1802,Middle-income countries,2,Medium,2003,4778944.565,4809576.516,2431759.806,2377816.71,60.573,102.2686,24.6865,64765.843,13.461,61263.901,1.274,54.4072,102389.935,13788.019,21.281,2.5902,1.1273,27.094,108.3,37624.092,20423.031,17201.061,7.82,66.5872,64.3233,68.9668,56.9928,54.6474,59.4516,14.6512,13.4013,15.7863,6.5967,6.0048,7.0019,4955.323,48.3679,98550.37,6702.241,65.5341,128.1853,137.6992,118.2709,249.3489,286.1326,210.7187,100.1684,119.8182,79.7164,186.4116,225.0058,145.9752,-3502.018,-0.728
21,1517,j,,,,13,Income group,1802,Middle-income countries,2,Medium,2004,4840208.466,4871119.849,2462878.659,2408241.19,61.348,102.2688,24.9169,64927.379,13.324,61822.767,1.269,54.6215,102880.491,13088.503,21.113,2.572,1.1217,27.167,108.3,37953.112,20622.183,17330.929,7.789,66.8668,64.5918,69.2576,57.1282,54.7823,59.5856,14.7342,13.4593,15.8955,6.6438,6.0267,7.0687,4793.668,46.6058,99143.785,6489.992,63.2558,125.9693,135.4112,116.1086,245.9559,282.5418,207.5974,99.5826,118.807,79.5787,184.6339,222.8621,144.6713,-3104.624,-0.637
21,1517,j,,,,13,Income group,1802,Middle-income countries,2,Medium,2005,4902031.233,4932367.171,2493781.282,2438585.89,62.1194,102.2634,25.1566,65020.23,13.177,60671.876,1.23,56.3534,103058.205,12139.866,20.885,2.5472,1.1156,27.288,108.3,38037.975,20716.141,17321.834,7.708,67.2982,64.9826,69.735,57.3429,54.9623,59.8395,14.7974,13.5044,15.9786,6.6703,6.0414,7.1047,4611.065,44.7294,99446.226,6209.381,60.4044,121.3452,130.9351,111.3143,239.6255,276.9149,200.5508,97.1387,116.5661,76.912,180.7279,219.5654,140.1596,-4348.342,-0.881
21,1517,j,,,,13,Income group,1802,Middle-income countries,2,Medium,2006,4962703.109,4992670.634,2524139.74,2468530.893,62.8789,102.2527,25.4086,65450.551,13.102,59935.05,1.2,57.7623,103452.982,11713.061,20.709,2.5274,1.1116,27.371,108.3,38002.431,20715.499,17286.932,7.607,67.7607,65.4221,70.2191,57.6071,55.2144,60.1127,14.9235,13.6268,16.1071,6.7283,6.0891,7.1705,4439.087,42.9152,99954.05,5951.087,57.7275,117.165,126.9835,106.8744,233.2463,270.6354,194.0927,94.8537,114.2761,74.6213,176.5877,215.3474,136.1425,-5515.473,-1.104
21,1517,j,,,,13,Income group,1802,Middle-income countries,2,Medium,2007,5022638.159,5052922.986,2554447.591,2498475.395,63.6377,102.2403,25.6685,66118.273,13.077,60569.654,1.199,57.8104,104432.117,11612.969,20.655,2.5204,1.112,27.4,108.3,38313.844,20918.628,17395.216,7.578,68.0887,65.7242,70.5763,57.758,55.3417,60.2906,14.9874,13.6708,16.1927,6.7542,6.0954,7.2132,4299.493,41.2258,101021.313,5738.564,55.2982,113.8467,123.6742,103.5359,228.6393,266.1606,189.3809,93.4229,112.7911,73.2414,173.9756,212.7967,133.5034,-5548.556,-1.097
21,1517,j,,,,13,Income group,1802,Middle-income countries,2,Medium,2008,5083207.813,5114063.486,2585130.101,2528933.385,64.4077,102.2222,25.9327,66684.331,13.032,61711.345,1.207,57.4273,105539.279,11798.636,20.625,2.518,1.1129,27.426,108.3,38854.948,21181.518,17673.43,7.593,68.3053,65.9584,70.7706,57.8448,55.448,60.3528,15.0448,13.7387,16.2397,6.7829,6.1284,7.2389,4179.357,39.6573,102207.701,5576.915,53.2656,111.826,121.3594,101.8184,226.1511,263.3404,187.3033,92.8707,111.8006,73.1527,172.957,211.3971,132.9472,-4972.946,-0.972
21,1517,j,,,,13,Income group,1802,Middle-income countries,2,Medium,2009,5144919.158,5176609.295,2616473.813,2560135.482,65.1954,102.2006,26.2052,67539.432,13.041,63380.274,1.224,56.6297,106344.03,11398.359,20.534,2.5104,1.1145,27.461,108.2,38804.598,21184.923,17619.675,7.493,68.7989,66.4207,71.2959,58.123,55.7016,60.6552,15.1634,13.8565,16.3585,6.8429,6.1861,7.301,4033.087,37.9658,103112.438,5344.988,50.6514,106.9546,116.6215,96.7966,219.0195,256.4403,179.9438,89.7481,108.7361,69.9588,168.2817,206.827,128.1816,-4159.1,-0.803
21,1517,j,,,,13,Income group,1802,Middle-income countries,2,Medium,2010,5208299.432,5240549.94,2648578.286,2591971.654,66.0007,102.1839,26.4758,67374.301,12.853,64501.015,1.231,56.3077,106485.727,11227.475,20.314,2.4879,1.1075,27.45,108.2,39111.426,21339.139,17772.287,7.461,69.1105,66.7371,71.5985,58.2998,55.8826,60.8241,15.2524,13.9518,16.4406,6.8906,6.2372,7.3466,3898.229,36.6174,103350.9,5164.241,48.7595,104.0895,113.5571,94.1389,214.9416,252.0214,176.2627,87.7265,106.3428,68.3186,165.7369,203.913,126.055,-2873.179,-0.548
21,1517,j,,,,13,Income group,1802,Middle-income countries,2,Medium,2011,5272800.447,5304937.08,2680944.29,2623992.79,66.8116,102.1704,26.7426,67693.579,12.756,64273.266,1.212,57.1904,106789.265,10972.63,20.123,2.4727,1.1055,27.458,108.1,39095.686,21360.431,17735.255,7.367,69.5613,67.163,72.0732,58.5771,56.1433,61.1157,15.3908,14.0772,16.5905,6.9752,6.306,7.4441,3756.502,35.1963,103751.388,4956.318,46.6259,99.8857,109.4311,89.8416,209.0992,245.9543,170.6628,84.6676,103.0358,65.5028,161.9136,199.7053,122.6465,-3420.336,-0.645
21,1517,j,,,,13,Income group,1802,Middle-income countries,2,Medium,2012,5337073.713,5370495.69,2713889.944,2656605.746,67.6373,102.1563,27.0029,69268.728,12.893,66843.953,1.245,55.6745,108523.759,10856.115,20.2,2.495,1.1191,27.469,108.0,39255.031,21471.639,17783.392,7.307,69.9571,67.541,72.4852,58.8171,56.3728,61.3639,15.5265,14.191,16.7469,7.0641,6.3736,7.5505,3643.121,33.6358,105558.788,4794.236,44.544,96.3991,105.8548,86.4374,204.4588,240.825,166.5484,82.3887,100.3676,63.6191,159.0879,196.2445,120.5036,-2424.713,-0.451
21,1517,j,,,,13,Income group,1802,Middle-income countries,2,Medium,2013,5403917.666,5437377.98,2747483.442,2689894.538,68.4796,102.1409,27.2699,68245.917,12.55,66920.627,1.231,56.3077,107672.948,10792.501,19.801,2.4618,1.1081,27.474,107.8,39427.031,21564.777,17862.254,7.251,70.3152,67.8917,72.8468,59.0558,56.6107,61.5987,15.6614,14.3145,16.8912,7.1485,6.448,7.6431,3513.916,32.5989,104810.841,4622.664,43.0276,93.2535,102.6534,83.3388,200.3061,236.0787,163.0252,80.2243,97.8846,61.7767,156.345,192.7781,118.5271,-1325.218,-0.244
21,1517,j,,,,13,Income group,1802,Middle-income countries,2,Medium,2014,5470838.293,5504122.846,2781023.094,2723099.753,69.3202,102.1271,27.5488,68040.211,12.36,66569.107,1.209,57.3323,107628.15,10675.81,19.551,2.4517,1.1067,27.558,107.8,39587.939,21616.832,17971.107,7.191,70.6927,68.2886,73.1958,59.2979,56.8785,61.8054,15.8023,14.4472,17.0371,7.2411,6.5289,7.7454,3371.451,31.3161,104869.543,4434.555,41.2601,90.0975,99.2065,80.48,196.0164,230.6169,159.9916,78.2735,95.2705,60.5155,153.6472,188.7731,117.2233,-1471.118,-0.267
21,1517,j,,,,13,Income group,1802,Middle-income countries,2,Medium,2015,5537407.4,5569542.446,2813747.566,2755794.88,70.1441,102.1029,27.84,66431.703,11.926,64270.092,1.154,60.0647,106297.496,9670.219,19.083,2.415,1.0929,27.721,107.6,39865.793,21740.503,18125.29,7.157,71.0022,68.6138,73.4827,59.5089,57.1087,61.9902,15.935,14.5676,17.1799,7.3218,6.5966,7.8367,3240.747,30.441,103640.521,4260.601,39.9615,87.6367,96.4726,78.299,192.6312,226.1719,157.7302,76.6414,93.0692,59.4713,151.4292,185.4039,116.218,-2161.835,-0.388
21,1517,j,,,,13,Income group,1802,Middle-income countries,2,Medium,2016,5601677.492,5633312.808,2845350.754,2787962.055,70.9473,102.0584,28.1424,66499.374,11.801,63270.633,1.123,61.7228,106699.696,9295.155,18.935,2.4186,1.0969,27.902,107.5,40200.322,21942.382,18257.94,7.134,71.3094,68.906,73.8038,59.7002,57.286,62.1946,16.0654,14.6666,17.3407,7.403,6.6499,7.9399,3130.324,29.3598,104119.244,4105.302,38.47,85.2526,93.9963,76.0051,189.3519,222.3,155.0687,75.4003,91.5697,58.4899,149.5221,182.849,114.9797,-3228.906,-0.573
21,1517,j,,,,13,Income group,1802,Middle-income countries,2,Medium,2017,5664948.125,5696295.801,2876474.195,2819821.607,71.7405,102.0091,28.4448,65296.799,11.461,62695.352,1.101,62.9561,106000.04,9144.239,18.605,2.3977,1.0902,27.954,107.4,40703.241,22294.412,18408.829,7.144,71.5609,69.106,74.1148,59.847,57.3859,62.396,16.144,14.689,17.478,7.4438,6.6478,8.0164,3011.071,28.384,103514.744,3945.874,37.1474,82.9447,91.648,73.7342,186.2159,219.1124,151.9745,74.0928,90.1328,57.312,147.6008,180.7822,113.2013,-2601.393,-0.457
21,1517,j,,,,13,Income group,1802,Middle-income countries,2,Medium,2018,5727643.477,5757043.169,2906483.934,2850559.234,72.5056,101.9619,28.7564,61879.575,10.747,58799.384,1.021,67.889,102877.038,8951.587,17.868,2.3245,1.0597,27.994,107.0,40997.463,22363.453,18634.01,7.121,71.8329,69.416,74.3355,60.0645,57.6468,62.5564,16.279,14.8483,17.5821,7.5208,6.7509,8.0692,2893.519,28.0157,100489.263,3789.282,36.4368,81.301,89.7502,72.3584,182.9209,215.0006,149.5507,72.7125,88.2447,56.4618,144.9494,177.235,111.4991,-3080.165,-0.535
21,1517,j,,,,13,Income group,1802,Middle-income countries,2,Medium,2019,5786442.861,5814477.644,2934750.996,2879726.648,73.2289,101.9107,29.0786,59431.827,10.219,56069.566,0.964,71.9032,101017.458,8775.969,17.37,2.2802,1.0417,28.032,106.9,41585.631,22688.273,18897.358,7.151,72.028,69.5977,74.5447,60.1934,57.7682,62.6931,16.3555,14.9128,17.67,7.5607,6.7885,8.111,2782.303,27.4815,98711.079,3641.585,35.632,79.9107,88.3519,70.9709,180.2439,212.1737,147.0048,71.9943,87.398,55.868,143.0355,175.0863,109.8056,-3362.17,-0.578
21,1517,j,,,,13,Income group,1802,Middle-income countries,2,Medium,2020,5842512.427,5868524.694,2961142.71,2907381.983,73.9096,101.8491,29.4063,52568.42,8.958,52024.533,0.887,78.1451,97970.158,8632.132,16.696,2.21,1.0123,28.023,106.6,45401.738,24967.319,20434.419,7.738,71.3025,68.7858,73.955,59.3736,56.865,62.0073,15.766,14.219,17.216,7.2517,6.3679,7.9077,2665.722,27.1004,95758.729,3488.004,35.0119,78.9548,87.4911,69.9085,187.8122,221.2877,152.8827,74.2568,90.0895,57.6701,151.6789,185.2593,116.7832,-543.952,-0.093
22,1502,j,,,914.0,13,Income group,1517,Upper-middle-income countries,2,Medium,2000,2153877.581,2162967.055,1085942.385,1077024.67,40.2332,100.828,27.7482,19132.756,8.843,18178.949,0.84,82.5175,34320.167,3289.308,15.862,1.8933,0.8534,26.472,111.1,15187.411,8342.288,6845.123,7.019,70.4815,67.5678,73.5376,58.536,55.7361,61.438,15.0976,13.7287,16.2803,6.6274,5.9922,7.0176,960.773,28.0464,33483.534,1214.978,35.3974,82.9945,98.5258,66.6335,193.4061,238.9152,145.2404,81.4743,106.6128,55.5639,157.3157,201.949,110.5443,-953.809,-0.441
22,1502,j,,,914.0,13,Income group,1517,Upper-middle-income countries,2,Medium,2001,2172056.53,2180721.397,1094935.398,1085785.998,40.5634,100.8427,28.1861,18275.276,8.38,17329.734,0.795,87.1883,33350.062,3312.189,15.292,1.8406,0.8321,26.58,111.0,15074.786,8395.431,6679.355,6.912,70.974,67.9173,74.1983,58.8762,55.9334,61.9457,15.3252,13.8285,16.639,6.7847,6.0583,7.2437,889.182,26.5471,32576.734,1124.465,33.4343,79.4784,94.7914,63.3259,187.6271,234.0377,138.5545,79.4088,104.6066,53.4274,153.3316,198.7925,105.7423,-945.482,-0.434
22,1502,j,,,914.0,13,Income group,1517,Upper-middle-income countries,2,Medium,2002,2189386.264,2197877.824,1103563.021,1094314.803,40.8826,100.8451,28.6233,17690.25,8.048,16983.12,0.773,89.6698,33031.64,3274.034,15.027,1.8206,0.8243,26.624,111.1,15341.39,8541.766,6799.624,6.979,71.1787,68.1329,74.3931,58.93,55.9925,61.9972,15.3551,13.855,16.6803,6.8098,6.0882,7.269,831.323,25.1285,32304.212,1047.514,31.5117,77.2974,92.1054,61.6661,185.248,231.4986,136.4653,79.2567,104.0786,53.6595,152.7175,198.0618,105.3567,-707.083,-0.322
22,1502,j,,,914.0,13,Income group,1517,Upper-middle-income countries,2,Medium,2003,2206369.384,2214577.854,1111940.116,1102637.738,41.1932,100.8436,29.0524,17327.407,7.822,16416.941,0.741,93.5421,32888.847,3260.17,14.848,1.8077,0.82,26.635,111.1,15561.44,8664.354,6897.086,7.026,71.43,68.388,74.6404,59.0284,56.094,62.0928,15.4186,13.9139,16.7549,6.8502,6.1329,7.3085,778.728,23.662,32204.432,977.352,29.5931,75.221,89.808,59.8115,182.9265,229.2717,134.1747,78.9795,103.4928,53.6906,152.2114,197.637,104.8906,-910.44,-0.411
22,1502,j,,,914.0,13,Income group,1517,Upper-middle-income countries,2,Medium,2004,2222786.325,2231282.336,1120304.655,1110977.681,41.5039,100.8395,29.468,17610.563,7.891,16992.022,0.762,90.9642,33267.085,3302.066,14.906,1.8222,0.828,26.679,111.2,15656.522,8728.95,6927.572,7.015,71.7943,68.7463,75.008,59.2524,56.3084,62.3247,15.5568,14.02,16.9281,6.9335,6.193,7.4092,738.265,22.2207,32616.534,923.221,27.7857,72.7897,87.0231,57.7428,179.271,225.3756,130.9438,77.7575,101.7037,53.0475,150.2185,195.415,103.3006,-618.519,-0.277
22,1502,j,,,914.0,13,Income group,1517,Upper-middle-income countries,2,Medium,2005,2239778.347,2248162.636,1128749.283,1119413.353,41.8179,100.834,29.8632,17666.156,7.856,16768.578,0.746,92.9152,33494.212,3367.453,14.895,1.8257,0.8311,26.731,111.2,15828.056,8824.357,7003.699,7.039,72.1125,69.0692,75.3187,59.4343,56.4881,62.5084,15.6492,14.0981,17.0386,6.9891,6.2425,7.4705,700.914,20.942,32878.719,869.559,26.0385,70.1007,83.9527,55.4512,175.7665,221.8055,127.6626,76.3066,99.8245,52.0271,148.3181,193.5111,101.5377,-897.565,-0.399
22,1502,j,,,914.0,13,Income group,1517,Upper-middle-income countries,2,Medium,2006,2256546.925,2264739.476,1137076.9,1127662.576,42.1262,100.8349,30.2361,17986.746,7.939,16385.102,0.723,95.871,33808.327,3371.924,14.922,1.8332,0.836,26.86,111.3,15821.581,8792.302,7029.279,6.983,72.5709,69.5717,75.715,59.7603,56.8558,62.776,15.8433,14.3062,17.2166,7.0842,6.3372,7.5664,663.829,19.6586,33226.166,818.576,24.336,67.2483,80.7454,52.9625,170.2862,215.0959,123.6291,74.1758,96.8838,50.7206,144.388,188.3366,99.0476,-1601.604,-0.707
22,1502,j,,,914.0,13,Income group,1517,Upper-middle-income countries,2,Medium,2007,2272932.027,2281224.588,1145408.17,1135816.418,42.4329,100.8445,30.5873,18268.928,8.005,16585.121,0.727,95.3435,34243.382,3353.654,15.004,1.8469,0.8436,27.014,111.3,15974.454,8890.121,7084.333,6.999,72.9095,69.8983,76.0662,59.9775,57.0555,63.013,15.957,14.3946,17.3596,7.1342,6.3598,7.6399,631.322,18.468,33690.4,775.007,22.7935,64.5227,77.7931,50.4665,165.7187,210.1327,119.5918,72.3561,94.7085,49.2496,141.2249,184.8071,96.3634,-1683.773,-0.738
22,1502,j,,,914.0,13,Income group,1517,Upper-middle-income countries,2,Medium,2008,2289517.148,2298622.269,1154198.606,1144423.663,42.7565,100.8541,30.9077,18715.971,8.14,18210.242,0.792,87.5186,34934.007,3368.127,15.194,1.8749,0.8573,27.136,111.3,16218.036,9002.425,7215.611,7.054,73.1524,70.1798,76.2616,60.1346,57.2462,63.1292,16.0599,14.5049,17.4579,7.1779,6.4011,7.688,606.274,17.4007,34402.887,746.574,21.5897,62.7182,75.3345,49.3472,162.8359,206.3905,117.7474,71.1839,92.7241,48.921,139.3264,182.0861,95.443,-505.668,-0.22
22,1502,j,,,914.0,13,Income group,1517,Upper-middle-income countries,2,Medium,2009,2307727.39,2316978.214,1163471.511,1153506.704,43.0979,100.8639,31.201,19072.853,8.23,18501.649,0.799,86.7518,35308.97,3333.541,15.236,1.8863,0.8649,27.22,111.2,16236.117,9007.679,7228.438,7.006,73.6355,70.6731,76.7267,60.4689,57.5881,63.4498,16.2149,14.6565,17.6177,7.2456,6.458,7.766,570.899,16.1893,34809.092,696.92,19.9036,58.5824,70.7398,45.6907,155.6334,198.2605,111.5962,67.6723,88.4812,46.1514,133.8548,175.675,91.0106,-571.223,-0.246
22,1502,j,,,914.0,13,Income group,1517,Upper-middle-income countries,2,Medium,2010,2326229.039,2335530.128,1172831.367,1162698.762,43.443,100.8715,31.4781,18779.085,8.041,18602.179,0.796,87.0788,35232.289,3221.74,15.085,1.8761,0.862,27.293,111.1,16453.204,9125.138,7328.066,7.044,73.9125,70.9524,76.9993,60.6545,57.7694,63.6395,16.3072,14.7453,17.7164,7.2806,6.4861,7.8092,537.211,15.2478,34762.396,658.671,18.7787,56.303,68.1829,43.6979,151.677,193.7484,108.233,65.5563,85.9002,44.4803,130.9542,172.2704,88.6235,-176.834,-0.076
22,1502,j,,,914.0,13,Income group,1517,Upper-middle-income countries,2,Medium,2011,2344831.218,2353897.471,1182080.657,1171816.815,43.7847,100.8759,31.7563,18764.808,7.97,18132.506,0.77,90.0191,35274.342,3158.948,14.983,1.8756,0.8642,27.328,110.9,16509.534,9163.181,7346.353,7.013,74.316,71.3509,77.4024,60.9461,58.0514,63.9368,16.4659,14.8809,17.8977,7.3642,6.5436,7.915,503.815,14.2949,34832.921,614.46,17.482,53.4253,64.9836,41.1541,146.3781,187.5293,103.9023,62.813,82.4985,42.3834,126.9725,167.3888,85.5628,-632.28,-0.269
22,1502,j,,,914.0,13,Income group,1517,Upper-middle-income countries,2,Medium,2012,2362963.724,2373431.107,1191916.538,1181514.57,44.148,100.8804,32.0345,20106.364,8.471,20934.766,0.882,78.5881,36750.847,3120.906,15.483,1.9555,0.9021,27.409,110.9,16644.483,9250.627,7393.856,7.012,74.6621,71.6833,77.7601,61.2115,58.3003,64.2179,16.6048,14.9897,18.0675,7.4452,6.5976,8.0193,494.322,13.5242,36316.072,600.505,16.5629,51.1241,62.3377,39.2046,141.9945,182.4154,100.2724,60.5035,79.6481,40.6065,123.5397,163.2331,82.8594,828.424,0.349
22,1502,j,,,914.0,13,Income group,1517,Upper-middle-income countries,2,Medium,2013,2383898.49,2394150.074,1202350.769,1191799.304,44.5334,100.8853,32.3188,18994.12,7.937,20503.167,0.856,80.9751,35792.766,3050.206,14.957,1.9101,0.8837,27.478,110.6,16798.646,9313.412,7485.234,7.02,74.9722,72.0183,78.0348,61.4494,58.5601,64.4246,16.7304,15.1172,18.1889,7.5128,6.6656,8.0887,466.036,12.9772,35387.007,567.221,15.8362,49.012,59.8438,37.4869,138.1227,177.483,97.5048,58.6228,77.2008,39.2979,120.5369,159.1851,80.9228,1509.156,0.631
22,1502,j,,,914.0,13,Income group,1517,Upper-middle-income countries,2,Medium,2014,2404401.657,2414815.169,1212763.816,1202051.353,44.9178,100.8912,32.6157,19321.45,8.003,20827.024,0.862,80.4115,36339.968,2993.973,15.052,1.9458,0.9021,27.578,110.4,17018.518,9433.643,7584.875,7.049,75.2509,72.2967,78.3109,61.6511,58.7578,64.6286,16.826,15.1949,18.3016,7.571,6.7141,8.1577,446.398,12.3104,35949.348,543.145,15.0163,47.0097,57.5425,35.7882,134.5982,173.3218,94.6194,56.9772,75.2051,37.9946,117.9312,155.9699,78.9083,1505.626,0.624
22,1502,j,,,914.0,13,Income group,1517,Upper-middle-income countries,2,Medium,2015,2425228.681,2434787.661,1222794.868,1211992.793,45.2893,100.8913,32.9299,17709.51,7.278,19117.96,0.785,88.299,34967.356,2828.619,14.369,1.8831,0.8757,27.716,110.0,17257.846,9574.084,7683.762,7.091,75.4946,72.5305,78.5641,61.8252,58.9171,64.8191,16.9223,15.2604,18.4279,7.6214,6.7452,8.2262,412.585,11.7408,34608.91,503.464,14.272,45.3678,55.6131,34.4384,131.6646,169.8294,92.239,55.6827,73.6038,36.9914,115.8296,153.3564,77.2888,1408.399,0.579
22,1502,j,,,914.0,13,Income group,1517,Upper-middle-income countries,2,Medium,2016,2444346.641,2453269.127,1231898.846,1221370.282,45.6331,100.862,33.2712,17942.965,7.313,17844.972,0.727,95.3435,35470.443,2676.551,14.457,1.9202,0.8944,27.888,109.9,17527.478,9763.81,7763.668,7.144,75.7177,72.6903,78.8613,61.9719,58.9972,65.0444,17.0261,15.3144,18.5811,7.6772,6.7667,8.3111,392.057,11.0737,35127.519,477.331,13.4501,44.1667,54.717,32.8835,129.3361,167.7809,89.5179,55.0355,73.3608,35.8605,114.4187,152.2554,75.4409,-97.942,-0.04
22,1502,j,,,914.0,13,Income group,1517,Upper-middle-income countries,2,Medium,2017,2462191.613,2471104.764,1240544.538,1230560.225,45.9648,100.8114,33.6093,17426.007,7.052,17826.301,0.721,96.1369,35299.615,2540.894,14.286,1.9256,0.8988,28.017,109.6,17873.608,10021.646,7851.962,7.234,75.9064,72.8068,79.1395,62.0937,59.0424,65.2611,17.0759,15.2725,18.7292,7.6963,6.7198,8.3879,370.013,10.4751,34976.753,449.52,12.7077,42.4366,52.6537,31.4974,126.7084,165.0768,86.9594,53.7098,71.7989,34.7646,112.5817,150.3722,73.6283,400.375,0.162
22,1502,j,,,914.0,13,Income group,1517,Upper-middle-income countries,2,Medium,2018,2480017.914,2487462.627,1248446.107,1239016.519,46.2691,100.7611,33.962,14286.179,5.746,14889.426,0.599,115.7174,32174.808,2374.333,12.942,1.7736,0.8309,28.09,109.0,17888.629,9943.851,7944.778,7.196,76.2589,73.2454,79.3722,62.4193,59.4547,65.4669,17.2791,15.5144,18.8765,7.8091,6.8646,8.4694,336.844,10.3335,31884.574,412.303,12.4607,40.9008,50.4579,30.6584,122.8521,159.4619,84.9804,51.7421,68.8081,33.8633,109.0666,145.085,71.9888,603.333,0.243
22,1502,j,,,914.0,13,Income group,1517,Upper-middle-income countries,2,Medium,2019,2494907.34,2501414.106,1255104.058,1246310.048,46.5286,100.7056,34.3295,12809.46,5.122,13013.531,0.52,133.2975,30941.79,2276.824,12.372,1.7228,0.8088,28.139,108.7,18132.33,10060.856,8071.474,7.25,76.4784,73.4777,79.5717,62.6075,59.6526,65.6393,17.3884,15.6121,18.9924,7.8708,6.9202,8.5357,314.946,10.1254,30668.393,385.922,12.17,39.8257,49.1361,29.8312,120.0293,155.7887,83.0084,50.5711,67.2467,33.0731,106.6231,141.8184,70.3525,204.126,0.082
22,1502,j,,,914.0,13,Income group,1517,Upper-middle-income countries,2,Medium,2020,2507920.871,2512477.147,1260146.413,1252330.734,46.7344,100.6241,34.7172,8436.147,3.36,9112.552,0.363,,28262.938,2148.07,11.255,1.5936,0.7503,28.159,108.1,19826.791,11110.17,8716.621,7.895,75.7449,72.6159,79.0292,61.8135,58.7293,65.0383,16.9816,15.0908,18.7297,7.6904,6.6434,8.4467,279.134,9.7512,28022.146,343.427,11.6739,41.5781,51.6816,30.6977,129.4863,167.1475,90.2849,55.7179,73.5489,36.9277,116.8103,153.9284,78.3349,676.452,0.269
23,1501,j,,,912.0,13,Income group,1517,Lower-middle-income countries,2,Medium,2000,2436776.271,2459781.573,1251030.632,1208750.941,95.933,103.4978,20.7525,46591.919,18.938,46010.604,1.871,37.0469,68476.551,11026.851,27.833,3.476,1.4537,27.623,107.1,21884.632,11577.904,10306.728,8.895,62.1728,60.6689,63.7471,54.4427,52.8103,56.1562,13.5383,12.6803,14.336,6.2017,5.8469,6.4637,4531.73,66.3261,65119.218,6273.142,92.3172,171.5221,176.8233,166.0768,314.1932,341.9241,285.1009,125.6086,139.6581,110.7827,231.2238,261.7318,199.1537,-581.378,-0.236
23,1501,j,,,912.0,13,Income group,1517,Lower-middle-income countries,2,Medium,2001,2482786.875,2505748.273,1274450.282,1231297.991,97.7258,103.5046,20.9539,47245.755,18.848,45922.796,1.833,37.8149,69245.442,11078.09,27.625,3.4304,1.4417,27.587,107.0,21999.687,11670.169,10329.518,8.777,62.5146,60.9636,64.1416,54.5603,52.888,56.3192,13.6015,12.7243,14.4182,6.2266,5.8623,6.4978,4436.612,64.2136,65933.565,6110.842,89.0841,168.0034,173.6299,162.2169,309.7145,338.1015,279.8706,124.7974,139.1773,109.627,229.2133,260.2558,196.5158,-1322.948,-0.528
23,1501,j,,,912.0,13,Income group,1517,Lower-middle-income countries,2,Medium,2002,2528709.671,2550642.426,1297282.2,1253360.226,99.4767,103.5043,21.1571,47486.233,18.603,43865.51,1.72,40.2993,69491.299,10813.052,27.224,3.3685,1.4231,27.609,106.9,22005.066,11691.786,10313.28,8.621,62.9393,61.3591,64.5977,54.7678,53.0725,56.5515,13.6596,12.7658,14.4922,6.2381,5.8583,6.5227,4315.8,62.1214,66251.363,5926.038,85.87,163.2698,169.1238,157.248,302.9634,331.5487,272.8819,122.1659,136.7229,106.8208,224.7152,255.8188,191.9196,-3620.623,-1.418
23,1501,j,,,912.0,13,Income group,1517,Lower-middle-income countries,2,Medium,2003,2572575.181,2594998.661,1319819.69,1275178.972,101.2066,103.5007,21.3682,47438.436,18.271,44846.96,1.728,40.1127,69501.088,10527.849,26.769,3.3012,1.4011,27.606,106.9,22062.652,11758.677,10303.975,8.498,63.2993,61.6633,65.0212,54.9125,53.1717,56.7481,13.6947,12.7738,14.5539,6.2302,5.8331,6.5295,4176.595,60.0602,66345.882,5724.889,82.7413,159.1934,165.4383,152.7436,297.3126,326.6894,266.3305,120.5511,135.5638,104.7311,221.344,253.0882,187.8234,-2591.578,-0.998
23,1501,j,,,912.0,13,Income group,1517,Lower-middle-income countries,2,Medium,2004,2617422.141,2639837.514,1342574.004,1297263.509,102.9553,103.4928,21.59,47316.816,17.915,44830.745,1.698,40.8214,69613.406,9786.437,26.357,3.2452,1.3808,27.68,106.9,22296.59,11893.233,10403.357,8.442,63.5065,61.8588,65.2412,54.968,53.2334,56.7956,13.7143,12.7756,14.5906,6.2229,5.8024,6.5414,4055.403,58.241,66528.114,5566.771,80.2566,156.9462,163.3315,150.3273,294.2099,323.2855,263.5255,120.3304,135.108,104.7742,219.844,251.016,186.9347,-2486.105,-0.941
23,1501,j,,,912.0,13,Income group,1517,Lower-middle-income countries,2,Medium,2005,2662252.886,2684204.535,1365031.998,1319172.537,104.6857,103.4764,21.8183,47354.074,17.63,43903.298,1.636,42.3684,69563.993,8772.413,25.899,3.1886,1.3646,27.82,106.9,22209.919,11891.784,10318.135,8.269,64.0004,62.2804,65.8175,55.2126,53.4143,57.1126,13.7434,12.7818,14.6424,6.2036,5.7686,6.5342,3910.151,56.1652,66568.359,5339.822,76.9207,150.9501,157.899,143.7233,285.7393,316.0721,253.6467,116.7042,132.3359,100.2433,213.9808,246.2957,179.7966,-3450.777,-1.285
23,1501,j,,,912.0,13,Income group,1517,Lower-middle-income countries,2,Medium,2006,2706156.184,2727931.158,1387062.84,1340868.318,106.391,103.4451,22.0511,47463.805,17.386,43549.948,1.596,43.4303,69644.655,8341.137,25.511,3.1355,1.3497,27.865,106.8,22180.85,11923.197,10257.653,8.125,64.432,62.6363,66.3349,55.4167,53.5551,57.3881,13.7921,12.8066,14.7143,6.206,5.7528,6.5512,3775.258,54.1871,66728.768,5132.511,73.8599,145.9012,153.5346,137.9349,278.9108,310.4584,245.4508,114.0706,130.4918,96.772,209.6154,242.9838,174.2541,-3913.869,-1.434
23,1501,j,,,912.0,13,Income group,1517,Lower-middle-income countries,2,Medium,2007,2749706.132,2771698.398,1409039.421,1362658.978,108.098,103.4037,22.2863,47849.345,17.25,43984.533,1.587,43.6766,70188.735,8259.315,25.304,3.0992,1.3395,27.812,106.8,22339.39,12028.507,10310.883,8.054,64.7274,62.8969,66.6696,55.5112,53.6192,57.5167,13.8013,12.8,14.7388,6.1935,5.7325,6.545,3668.171,52.3227,67331.22,4963.557,71.0857,142.2345,150.0625,134.0538,274.438,306.528,240.3665,112.7222,129.3981,95.1618,207.3536,241.1834,171.4757,-3864.783,-1.393
23,1501,j,,,912.0,13,Income group,1517,Lower-middle-income countries,2,Medium,2008,2793690.665,2815441.216,1430931.494,1384509.722,109.804,103.3529,22.5214,47968.36,17.024,43501.103,1.545,44.8639,70605.272,8430.509,25.057,3.0618,1.3266,27.775,106.8,22636.912,12179.093,10457.819,8.033,64.9001,63.0719,66.8378,55.541,53.6548,57.5376,13.8123,12.8222,14.7363,6.1934,5.7476,6.5312,3573.083,50.6498,67805.834,4830.341,68.8158,140.1356,147.9549,131.9587,272.4077,304.5737,238.252,112.4879,129.0857,95.0203,206.9205,240.7727,171.0212,-4467.278,-1.585
23,1501,j,,,912.0,13,Income group,1517,Lower-middle-income countries,2,Medium,2009,2837191.768,2859631.081,1453002.302,1406628.778,111.5274,103.2968,22.7575,48466.579,16.937,44878.625,1.569,44.1776,71035.06,8064.818,24.824,3.0297,1.3199,27.764,106.8,22568.481,12177.244,10391.237,7.887,65.3699,63.4813,67.3743,55.7713,53.8319,57.8259,13.894,12.9037,14.8159,6.2342,5.7993,6.5621,3462.188,48.787,68303.513,4648.068,65.8527,134.84,143.2394,126.0419,265.6111,299.0136,230.1046,109.6353,127.0527,91.2967,202.821,237.8174,165.6827,-3587.877,-1.254
23,1501,j,,,912.0,13,Income group,1517,Lower-middle-income countries,2,Medium,2010,2882070.393,2905019.811,1475746.919,1429272.892,113.2976,103.2516,22.9945,48595.216,16.719,45898.836,1.58,43.8701,71253.438,8005.735,24.515,2.9868,1.3055,27.698,106.8,22658.222,12214.001,10444.221,7.796,65.6988,63.8191,67.6891,55.9457,54.0168,57.9845,13.9806,13.0059,14.8837,6.2919,5.8751,6.6039,3361.018,47.1877,68588.296,4505.57,63.5712,131.4363,139.7052,122.7766,261.435,294.7432,226.0905,107.6837,124.8712,89.5996,200.3839,235.2432,163.4562,-2696.345,-0.928
23,1501,j,,,912.0,13,Income group,1517,Lower-middle-income countries,2,Medium,2011,2927969.229,2951039.609,1498863.634,1452175.975,115.0924,103.215,23.23,48928.771,16.571,46140.76,1.564,44.3189,71514.923,7813.682,24.221,2.9507,1.2967,27.68,106.7,22586.152,12197.25,10388.902,7.65,66.1636,64.2504,68.1884,56.2092,54.2595,58.2681,14.0948,13.1182,14.998,6.3728,5.9556,6.6847,3252.687,45.5012,68918.719,4341.858,61.0062,126.241,134.8464,117.2172,255.2754,288.9522,219.5646,104.4081,121.7329,86.1768,196.529,231.5616,159.4586,-2788.056,-0.944
23,1501,j,,,912.0,13,Income group,1517,Lower-middle-income countries,2,Medium,2012,2974109.989,2997064.582,1521973.406,1475091.177,116.8874,103.1783,23.463,49162.364,16.394,45909.187,1.532,45.2446,71772.912,7735.209,23.934,2.9174,1.2877,27.648,106.6,22610.548,12221.012,10389.536,7.54,66.5505,64.624,68.5868,56.4308,54.4787,58.4886,14.2213,13.2329,15.1342,6.469,6.0396,6.7901,3148.799,43.8797,69245.706,4193.731,58.6793,122.2333,130.9142,113.122,250.7572,284.116,215.4383,102.0532,119.1205,84.0973,193.9216,228.4402,157.4645,-3253.137,-1.085
23,1501,j,,,912.0,13,Income group,1517,Lower-middle-income countries,2,Medium,2013,3020019.176,3043227.906,1545132.673,1498095.234,118.6878,103.1398,23.6967,49251.797,16.176,46417.46,1.525,45.4523,71880.182,7742.295,23.608,2.8828,1.2777,27.623,106.5,22628.385,12251.365,10377.02,7.432,66.9433,64.9892,69.0072,56.6738,54.7025,58.7498,14.3592,13.3462,15.2949,6.5736,6.12,6.9133,3047.88,42.402,69422.024,4055.443,56.6081,118.1568,126.9766,108.8896,246.1497,279.2774,211.115,99.3297,116.2913,81.4839,191.0493,225.1695,155.0647,-2834.374,-0.931
23,1501,j,,,912.0,13,Income group,1517,Lower-middle-income countries,2,Medium,2014,3066436.636,3089307.678,1568259.278,1521048.4,120.4849,103.1038,23.9334,48718.761,15.764,45742.083,1.481,46.8026,71288.182,7681.837,23.066,2.8284,1.2576,27.698,106.4,22569.421,12183.189,10386.232,7.302,67.375,65.4648,69.3811,56.9615,55.045,58.9671,14.544,13.5361,15.4711,6.7146,6.2456,7.0647,2925.053,40.9688,68922.179,3891.41,54.5466,114.364,122.8726,105.421,241.273,272.685,208.1541,96.7343,112.746,79.9034,187.8503,220.02,154.034,-2976.744,-0.963
23,1501,j,,,912.0,13,Income group,1517,Lower-middle-income countries,2,Medium,2015,3112178.719,3134754.785,1590952.698,1543802.087,122.2574,103.0542,24.1694,48722.193,15.533,45152.132,1.44,48.1352,71330.14,6841.6,22.741,2.8053,1.2506,27.874,106.4,22607.947,12166.419,10441.528,7.208,67.7554,65.8911,69.7035,57.2152,55.352,59.1544,14.7122,13.7162,15.6252,6.8407,6.3675,7.1925,2828.162,39.6553,69028.965,3757.137,52.7009,111.0274,119.236,102.3965,237.0671,266.9166,205.6708,94.4971,109.722,78.5059,185.1208,215.555,153.2101,-3570.234,-1.138
23,1501,j,,,912.0,13,Income group,1517,Lower-middle-income countries,2,Medium,2016,3157330.851,3180043.682,1613451.908,1566591.773,124.0237,102.9912,24.407,48556.409,15.262,45425.661,1.428,48.5397,71229.253,6618.604,22.388,2.7782,1.2416,28.051,106.4,22672.844,12178.572,10494.272,7.126,68.1173,66.2823,70.0276,57.4534,55.6236,59.3504,14.8688,13.8668,15.787,6.9627,6.4718,7.327,2738.267,38.4508,68992.58,3627.971,50.9596,107.9265,115.7698,99.6841,232.9783,261.51,203.0434,92.4963,106.9683,77.3178,182.4716,211.4638,152.1512,-3130.964,-0.984
23,1501,j,,,912.0,13,Income group,1517,Lower-middle-income countries,2,Medium,2017,3202756.512,3225191.038,1635929.656,1589261.381,125.7845,102.9365,24.6507,47870.792,14.836,44869.051,1.391,49.8309,70700.425,6603.345,21.912,2.7281,1.2228,28.065,106.3,22829.633,12272.766,10556.867,7.076,68.4207,66.5662,70.3514,57.6405,55.8004,59.5477,14.9763,13.9663,15.9032,7.041,6.5445,7.4079,2641.058,37.324,68538.084,3496.354,49.3624,105.2458,113.2292,96.854,229.1969,257.61,199.3908,90.8858,105.3227,75.7489,180.0187,208.7493,149.9854,-3001.768,-0.93
23,1501,j,,,912.0,13,Income group,1517,Lower-middle-income countries,2,Medium,2018,3247625.563,3269580.542,1658037.827,1611542.715,127.5157,102.8851,24.8977,47593.396,14.548,43909.958,1.343,51.6119,70702.23,6577.254,21.612,2.7019,1.214,28.114,106.2,23108.834,12419.602,10689.232,7.064,68.6668,66.8105,70.5996,57.7685,55.9291,59.6753,15.0262,14.0231,15.9482,7.0652,6.5807,7.4213,2556.675,36.17,68598.584,3376.979,47.7501,102.88,110.845,94.5079,225.6332,254.0061,195.8727,89.6199,103.9922,74.5556,177.7722,206.4198,147.8295,-3683.498,-1.126
23,1501,j,,,912.0,13,Income group,1517,Lower-middle-income countries,2,Medium,2019,3291535.521,3313063.538,1679646.939,1633416.6,129.2116,102.8303,25.1451,46622.367,14.065,43056.035,1.3,53.319,70075.668,6499.145,21.141,2.6537,1.1952,28.155,106.1,23453.301,12627.417,10825.884,7.076,68.8595,66.9718,70.8296,57.8538,55.9895,59.7906,15.059,14.0453,15.9945,7.075,6.5912,7.4303,2467.357,35.1786,68040.79,3255.663,46.3421,100.9566,109.0472,92.4512,222.9083,251.7155,192.6716,88.8747,103.3734,73.6799,176.2626,205.2594,145.9392,-3566.296,-1.076
23,1501,j,,,912.0,13,Income group,1517,Lower-middle-income countries,2,Medium,2020,3334591.556,3356047.547,1700996.298,1655051.249,130.888,102.776,25.3867,44132.273,13.149,42911.981,1.279,54.1945,69707.22,6484.062,20.768,2.6146,1.1813,28.15,106.0,25574.947,13857.149,11717.798,7.619,68.1427,66.1905,70.2122,56.9779,55.0522,59.0121,14.2722,13.1572,15.333,6.5857,5.9585,7.0681,2386.588,34.2216,67731.671,3144.577,44.9914,97.5803,105.285,89.486,229.5207,259.7289,197.789,88.831,103.3298,73.6541,184.6267,215.0107,152.8342,-1220.404,-0.364
24,1500,j,,,911.0,13,Income group,1802,Low-income countries,2,Medium,2000,395784.905,400821.586,198984.987,201836.598,27.2892,98.5872,16.0458,11579.16,28.83,10073.362,2.513,27.5825,17092.879,2726.217,42.558,6.0218,2.2635,29.523,104.0,5513.719,2868.852,2644.867,13.728,52.5474,50.9331,54.1523,48.6399,47.2049,50.0239,12.1293,11.3923,12.74,5.3535,4.9272,5.6491,1526.404,89.7909,16015.335,2447.601,146.8966,298.7898,312.2133,285.1611,466.5537,494.3059,438.9304,227.3772,243.9589,211.1862,347.8273,376.3274,320.1123,-1505.845,-3.749
24,1500,j,,,911.0,13,Income group,1802,Low-income countries,2,Medium,2001,405858.267,411561.978,204365.783,207196.195,28.0205,98.6339,16.0706,11889.603,28.867,11407.422,2.772,25.0053,17393.55,2810.313,42.23,5.9647,2.2619,29.484,103.9,5503.947,2859.003,2644.944,13.363,53.0727,51.4987,54.6332,48.7993,47.407,50.1385,12.1673,11.4265,12.782,5.3729,4.9485,5.6687,1499.324,86.7168,16328.01,2389.443,141.0952,291.5009,304.1896,278.6094,459.7464,486.4777,433.2168,224.4633,239.9741,209.3325,344.628,371.8362,318.2396,-482.178,-1.171
24,1500,j,,,911.0,13,Income group,1802,Low-income countries,2,Medium,2002,417265.689,423857.981,210537.103,213320.878,28.8576,98.695,16.1008,12212.259,28.84,13184.584,3.111,22.2805,17719.871,2873.927,41.847,5.9032,2.2587,29.47,103.9,5507.612,2860.757,2646.855,13.007,53.5847,52.0072,55.1478,48.9428,47.5473,50.2853,12.2061,11.45,12.8351,5.3932,4.9682,5.6895,1474.352,83.648,16665.375,2336.848,135.3872,284.4835,297.0717,271.6814,453.2273,479.7612,426.9218,221.8823,237.0995,207.0246,341.8038,368.6459,315.7866,972.281,2.296
24,1500,j,,,911.0,13,Income group,1802,Low-income countries,2,Medium,2003,430450.273,436823.058,217062.772,219760.287,29.7403,98.7725,16.1411,12687.482,29.042,12745.571,2.918,23.7542,18101.577,2924.514,41.435,5.8422,2.265,29.474,103.9,5414.095,2814.152,2599.943,12.393,54.5762,52.9929,56.1416,49.4806,48.0874,50.8178,12.3936,11.574,13.0808,5.464,5.004,5.787,1440.891,79.9952,17062.87,2263.589,128.2677,272.3531,284.2998,260.1787,438.4348,463.8961,413.2606,213.8376,227.643,200.3579,331.1187,356.401,306.6924,58.024,0.133
24,1500,j,,,911.0,13,Income group,1802,Low-income countries,2,Medium,2004,443195.844,449503.449,223449.931,226053.518,30.6037,98.8482,16.1944,13071.254,29.06,12615.211,2.807,24.6935,18482.195,2986.451,41.089,5.7823,2.2622,29.458,103.8,5410.941,2813.987,2596.954,12.029,55.1323,53.5347,56.7113,49.6816,48.2763,51.0314,12.4356,11.5989,13.1383,5.4838,5.0195,5.808,1415.736,77.0098,17450.853,2213.093,122.8439,264.688,276.6811,252.4581,430.7577,456.1818,405.633,210.0359,223.6557,196.7095,326.9522,352.0332,302.7161,-456.041,-1.014
24,1500,j,,,911.0,13,Income group,1802,Low-income countries,2,Medium,2005,455811.055,462591.599,230037.449,232554.149,31.4947,98.9178,16.2578,13470.674,29.118,13561.087,2.932,23.6408,18854.555,3045.4,40.755,5.7194,2.2599,29.436,103.8,5383.881,2807.514,2576.367,11.637,55.7727,54.1098,57.4203,49.9758,48.5118,51.387,12.4954,11.6228,13.2319,5.51,5.0339,5.8421,1389.402,74.0915,17831.476,2158.298,117.4731,256.0722,268.5454,243.3367,421.1655,447.5394,395.073,204.6956,218.8196,190.8491,320.6399,346.5251,295.5957,90.42,0.195
24,1500,j,,,911.0,13,Income group,1802,Low-income countries,2,Medium,2006,469372.142,476615.22,237093.373,239521.847,32.4495,98.9861,16.3346,13983.108,29.347,14486.156,3.04,22.8009,19297.539,3099.949,40.501,5.663,2.2634,29.403,103.8,5314.431,2771.463,2542.968,11.154,56.6271,54.9626,58.273,50.4588,49.0014,51.86,12.5964,11.7027,13.3516,5.5555,5.0772,5.8871,1365.19,71.1577,18281.64,2102.369,111.9335,244.7484,256.7648,232.4713,407.5174,433.4865,381.8748,196.2827,209.75,183.0902,310.3673,335.5525,286.06,502.995,1.056
24,1500,j,,,911.0,13,Income group,1802,Low-income countries,2,Medium,2007,483858.298,490959.927,244311.504,246648.424,33.4262,99.0525,16.4038,14464.13,29.446,14203.258,2.893,23.9595,19744.1,3149.301,40.195,5.5979,2.2605,29.395,103.8,5279.97,2761.528,2518.442,10.749,57.3342,55.6026,59.0507,50.8122,49.2928,52.2778,12.6796,11.7569,13.4618,5.5958,5.1072,5.9331,1341.8,68.3243,18736.461,2051.924,106.794,235.5182,248.1483,222.5938,396.7398,423.6825,370.0823,190.3825,204.5725,176.4401,303.0227,329.0468,277.8494,-261.055,-0.531
24,1500,j,,,911.0,13,Income group,1802,Low-income countries,2,Medium,2008,498061.556,505273.533,251513.002,253760.53,34.4007,99.1143,16.4591,14861.184,29.394,14423.954,2.855,24.2784,20108.14,3190.166,39.772,5.525,2.2518,29.381,103.8,5246.956,2749.329,2497.627,10.378,57.977,56.1972,59.7428,51.1283,49.5642,52.6391,12.7555,11.8212,13.5464,5.6294,5.1405,5.9619,1315.816,65.7172,19112.544,2002.717,102.1267,227.1797,240.3409,213.6915,387.0508,414.7612,359.5847,185.2666,200.1008,170.6477,296.5703,323.2555,270.7017,-437.266,-0.865
24,1500,j,,,911.0,13,Income group,1802,Low-income countries,2,Medium,2009,512485.51,519948.552,258893.687,261054.865,35.3998,99.1721,16.5192,15309.628,29.428,14926.084,2.871,24.1431,20492.841,3208.48,39.391,5.4593,2.2463,29.374,103.8,5183.213,2724.459,2458.754,9.963,58.7361,56.8878,60.5719,51.5842,49.9611,53.1542,12.9155,11.9716,13.7132,5.7139,5.1784,6.0789,1292.851,63.3959,19505.755,1955.284,97.7599,218.2317,232.0709,204.0323,375.5363,404.477,346.774,178.8341,194.5628,163.29,288.0197,315.7843,261.0231,-383.583,-0.737
24,1500,j,,,911.0,13,Income group,1802,Low-income countries,2,Medium,2010,527411.594,534960.135,266443.309,268516.826,36.4218,99.2278,16.5832,15691.5,29.311,15097.083,2.822,24.5623,20861.534,3283.551,38.968,5.3779,2.2282,29.324,103.8,5170.034,2717.717,2452.317,9.657,59.3013,57.4451,61.142,51.9135,50.2835,53.4876,13.0237,12.1083,13.7916,5.7441,5.2189,6.0965,1277.078,61.4868,19879.87,1921.868,94.2381,211.55,225.6173,197.1088,366.9861,396.3764,337.7433,174.0778,190.2535,158.0524,281.7998,309.9817,254.3469,-594.427,-1.11
24,1500,j,,,911.0,13,Income group,1802,Low-income countries,2,Medium,2011,542508.677,550299.858,274159.987,276139.871,37.4662,99.283,16.6567,16071.356,29.186,15582.361,2.832,24.4755,21208.572,3359.414,38.516,5.2945,2.2109,29.274,103.8,5137.216,2705.851,2431.365,9.33,59.9252,58.0227,61.8133,52.28,50.6066,53.8982,13.1343,12.2317,13.8884,5.7741,5.2557,6.117,1256.382,59.4752,20235.91,1881.352,90.5996,204.1221,218.7876,189.05,357.2355,387.7331,326.829,168.6064,185.6217,151.6917,274.5939,303.8423,246.0273,-489.082,-0.888
24,1500,j,,,911.0,13,Income group,1802,Low-income countries,2,Medium,2012,558091.038,565535.976,281821.732,283714.244,38.5035,99.333,16.7233,16374.366,28.911,14889.876,2.633,26.3254,21540.241,3385.98,38.032,5.2112,2.1893,29.269,103.8,5165.875,2736.111,2429.764,9.121,60.2932,58.2655,62.3192,52.4138,50.6027,54.1823,13.1915,12.304,13.9317,5.7794,5.2694,6.1144,1235.825,57.5825,20575.108,1844.579,87.3554,199.9771,216.7421,182.7107,352.0784,385.7088,318.3204,167.025,187.1043,146.9155,271.9315,304.6167,239.7282,-1484.513,-2.621
24,1500,j,,,911.0,13,Income group,1802,Low-income countries,2,Medium,2013,572980.914,580126.162,289150.209,290975.954,39.4969,99.3725,16.7685,16642.518,28.626,14290.497,2.463,28.1424,21810.937,3394.379,37.516,5.1371,2.1716,29.283,103.8,5168.419,2754.349,2414.07,8.89,60.7187,58.5604,62.888,52.6249,50.683,54.5355,13.2691,12.3813,14.009,5.794,5.2833,6.127,1214.336,55.8352,20856.635,1808.062,84.3811,195.1028,213.7179,175.8855,345.7555,382.3057,308.8576,164.2027,186.8125,141.4334,267.8393,303.545,232.4332,-2352.1,-4.046
24,1500,j,,,911.0,13,Income group,1802,Low-income countries,2,Medium,2014,587271.411,594773.457,296502.644,298270.813,40.4941,99.4072,16.8179,16904.249,28.372,15004.092,2.523,27.4731,22074.555,3428.613,37.05,5.0716,2.1545,29.269,103.7,5170.306,2757.871,2412.435,8.678,61.1275,58.9486,63.3182,52.8464,50.8812,54.7814,13.3395,12.4723,14.0594,5.8062,5.3101,6.1269,1195.294,54.3024,21129.646,1774.332,81.7128,190.2295,209.1055,170.7323,339.5145,376.8508,301.7904,161.0495,184.2042,137.6841,263.5202,300.0378,227.2598,-1900.313,-3.189
24,1500,j,,,911.0,13,Income group,1802,Low-income countries,2,Medium,2015,602275.503,610047.257,304169.692,305877.565,41.534,99.4416,16.8808,17238.481,28.214,15543.508,2.548,27.2036,22401.462,3450.451,36.664,5.0137,2.141,29.265,103.7,5162.981,2758.279,2404.702,8.45,61.5771,59.3782,63.7881,53.0991,51.1203,55.0474,13.498,12.6768,14.1727,5.9081,5.3991,6.2363,1177.327,52.7218,21465.011,1737.695,78.8781,185.534,205.0537,165.3491,333.8049,371.8006,295.3395,158.5279,182.3574,134.415,259.9639,297.0468,223.0602,-1695.042,-2.774
24,1500,j,,,911.0,13,Income group,1802,Low-income countries,2,Medium,2016,617819.011,626382.245,312369.742,314012.503,42.6461,99.4768,16.9639,17591.018,28.069,17126.468,2.734,25.3529,22729.767,3468.014,36.268,4.951,2.1267,29.259,103.7,5138.749,2753.075,2385.674,8.199,62.1108,59.8634,64.3737,53.4235,51.396,55.424,13.5843,12.7529,14.2691,5.951,5.4399,6.2791,1158.513,51.1238,21802.993,1699.729,76.0425,179.1513,198.8866,158.7345,325.2433,364.1815,285.7812,153.6583,177.9431,129.0436,253.5227,291.5058,215.6694,-464.64,-0.741
24,1500,j,,,911.0,13,Income group,1802,Low-income countries,2,Medium,2017,634945.479,643485.699,320950.028,322535.671,43.8106,99.5084,17.0628,17963.395,27.891,17080.44,2.655,26.1072,23116.792,3502.801,35.893,4.8821,2.1073,29.254,103.7,5153.397,2767.478,2385.919,8.002,62.5232,60.2402,64.8259,53.6064,51.5277,55.6641,13.6648,12.839,14.3454,5.9914,5.4868,6.3147,1140.3,49.4811,22199.586,1658.968,73.0179,174.8591,195.2254,153.7743,319.4334,359.1176,279.1207,151.7888,177.0335,126.119,250.2109,289.0872,211.3294,-883.069,-1.371
24,1500,j,,,911.0,13,Income group,1802,Low-income countries,2,Medium,2018,652025.919,661256.583,329849.046,331407.538,45.0205,99.5297,17.176,18353.456,27.752,18461.329,2.792,24.8262,23534.174,3556.3,35.586,4.8227,2.0916,29.24,103.7,5180.718,2796.619,2384.099,7.834,62.9042,60.5305,65.3085,53.8189,51.6509,55.9759,13.7291,12.8916,14.4224,6.026,5.5246,6.3478,1128.493,48.1075,22621.697,1633.707,70.6874,170.6101,192.0241,148.4159,313.5787,355.0337,271.3172,148.8898,175.4835,121.7713,246.1232,286.7548,205.3275,107.8,0.163
24,1500,j,,,911.0,13,Income group,1802,Low-income countries,2,Medium,2019,670487.248,680013.468,339235.958,340777.51,46.2975,99.5476,17.3061,18826.163,27.683,19052.44,2.802,24.7376,24029.004,3630.091,35.334,4.7621,2.0739,29.216,103.7,5202.841,2806.314,2396.527,7.651,63.3433,61.0047,65.7074,54.1083,51.986,56.2148,13.7941,12.9652,14.4813,6.0584,5.5699,6.3723,1119.924,46.7703,23118.672,1614.872,68.522,165.2091,185.8055,143.8852,306.4,347.0578,265.0064,144.3234,169.7532,118.418,240.4413,280.042,200.7414,226.292,0.333
24,1500,j,,,911.0,13,Income group,1802,Low-income countries,2,Medium,2020,689539.688,699186.538,348833.529,350353.009,47.6029,99.5663,17.4389,19016.399,27.198,19293.7,2.76,25.114,24471.629,3683.061,35.0,4.6904,2.051,29.195,103.7,5455.23,2943.077,2512.153,7.802,62.9125,60.5734,65.2946,53.4413,51.306,55.581,13.1172,12.2026,13.9016,5.7593,5.1773,6.1567,1108.813,45.4487,23566.125,1590.59,66.2431,159.44,178.6397,139.5994,311.0311,352.493,268.8953,142.9136,167.3998,118.0141,247.7423,288.3266,207.1147,277.23,0.397
25,1518,,,,,13,Income group,1802,No income group available,2,Medium,2000,24535.732,24772.363,12421.146,12351.217,20.7096,100.5662,22.122,468.38,18.909,473.262,1.911,36.2714,592.073,118.544,23.902,2.8281,1.3265,26.782,106.4,123.693,74.375,49.318,4.993,72.3684,68.9863,76.0167,59.3042,56.0937,62.7443,15.7872,14.4134,17.14,6.3139,5.5688,6.9564,11.016,18.6165,582.33,13.138,22.2603,76.4521,104.4157,47.1794,170.862,220.6786,118.5534,85.8806,120.6785,49.7965,147.9813,195.9771,98.0286,5.036,0.203
25,1518,,,,,13,Income group,1802,No income group available,2,Medium,2001,25008.994,25237.858,12650.76,12587.098,21.0988,100.5058,22.3819,453.152,17.956,457.729,1.814,38.211,593.917,117.31,23.534,2.7855,1.3054,26.8,106.5,140.765,85.264,55.501,5.578,71.1174,67.4702,75.1151,57.9967,54.5121,61.7941,15.0727,13.6474,16.4974,5.8857,5.1289,6.543,10.722,18.0634,584.444,12.774,21.5642,82.3866,114.1039,49.0545,188.1017,245.0574,127.7375,96.2645,136.2642,54.5212,165.8934,221.2411,107.7247,4.709,0.187
25,1518,,,,,13,Income group,1802,No income group available,2,Medium,2002,25466.723,25702.531,12879.89,12822.64,21.4872,100.4465,22.6473,467.028,18.172,471.616,1.835,37.7737,596.497,117.936,23.209,2.7446,1.2891,26.752,106.4,129.469,77.556,51.913,5.037,72.5587,69.1085,76.2561,59.4025,56.1031,62.9144,15.9189,14.5245,17.2557,6.3869,5.6163,7.0179,10.494,17.6059,587.23,12.485,20.9908,75.0109,103.2122,45.4903,171.1331,222.5812,117.0912,85.5999,121.0784,48.776,149.3876,199.2691,97.4148,4.715,0.183
25,1518,,,,,13,Income group,1802,No income group available,2,Medium,2003,25938.339,26168.144,13109.689,13058.455,21.8765,100.3923,22.9194,456.996,17.464,459.61,1.756,39.4731,598.434,116.24,22.869,2.7059,1.2719,26.781,106.3,141.438,85.056,56.382,5.405,71.8544,68.2333,75.7721,58.6398,55.1708,62.369,15.5165,14.0954,16.8881,6.1369,5.3618,6.772,10.244,17.1299,589.396,12.174,20.3965,78.0366,108.5723,45.9905,181.4854,237.5697,122.2398,91.5089,130.0774,51.3212,160.454,215.0218,103.2708,2.758,0.105
25,1518,,,,,13,Income group,1802,No income group available,2,Medium,2004,26397.949,26627.508,13335.772,13291.736,22.2605,100.3313,23.1926,461.759,17.34,459.118,1.724,40.2058,601.274,118.347,22.579,2.6687,1.2574,26.72,106.0,139.515,83.291,56.224,5.239,72.4239,68.8857,76.2092,59.1705,55.784,62.7686,15.8581,14.4694,17.166,6.3295,5.5629,6.9351,9.976,16.6037,592.48,11.845,19.7554,74.9431,104.2173,44.2628,175.6736,229.9117,118.5886,87.5577,124.3897,49.2541,155.1233,207.8273,100.093,-2.524,-0.095
25,1518,,,,,13,Income group,1802,No income group available,2,Medium,2005,26857.067,27083.865,13560.27,13523.595,22.642,100.2712,23.468,463.834,17.122,453.596,1.675,41.3819,605.005,124.977,22.333,2.633,1.2432,26.548,105.9,141.171,84.568,56.603,5.211,72.6918,69.076,76.5615,59.3664,55.8944,63.058,16.0234,14.5855,17.3735,6.4189,5.6142,7.049,9.722,16.0838,596.442,11.538,19.1289,73.2105,102.524,42.4922,173.8943,229.2201,115.6739,86.3506,123.4541,47.7482,154.2389,208.1239,97.9639,-10.123,-0.374
25,1518,,,,,13,Income group,1802,No income group available,2,Medium,2006,27310.663,27532.12,13779.598,13752.522,23.0168,100.1969,23.7412,461.288,16.748,442.914,1.609,43.0794,607.498,128.522,22.057,2.5985,1.2296,26.439,105.6,146.21,88.513,57.697,5.309,72.6568,68.843,76.7736,59.2868,55.6137,63.2282,16.0406,14.4991,17.5023,6.4184,5.5449,7.1069,9.443,15.553,599.191,11.172,18.4435,73.2833,103.7386,41.3294,175.9399,234.5949,114.0487,87.3117,126.1452,46.8249,156.8274,214.0994,96.8411,-18.267,-0.663
25,1518,,,,,13,Income group,1802,No income group available,2,Medium,2007,27753.577,27970.699,13992.788,13977.912,23.3834,100.1064,24.013,461.339,16.486,434.245,1.553,44.6328,608.608,128.524,21.748,2.5666,1.2178,26.423,105.3,147.269,89.451,57.818,5.262,72.9732,69.0792,77.1745,59.5487,55.7884,63.5828,16.2508,14.6491,17.762,6.5327,5.6113,7.2491,9.229,15.1712,600.495,10.908,17.9667,71.4795,101.8009,39.6709,173.2205,232.7275,110.4799,85.6608,124.5554,45.1017,154.7894,212.9906,93.855,-26.968,-0.964
25,1518,,,,,13,Income group,1802,No income group available,2,Medium,2008,28187.822,28395.223,14197.254,14197.97,23.7383,99.995,24.2812,449.675,15.827,414.802,1.461,47.4433,609.141,129.713,21.439,2.5356,1.2057,26.382,104.9,159.466,97.315,62.151,5.612,72.3674,68.296,76.809,58.9071,54.9594,63.1929,15.9375,14.2877,17.5107,6.321,5.3829,7.0526,9.088,14.926,601.155,10.74,17.6632,74.1398,106.5059,40.1094,181.8552,246.0228,113.8592,90.5505,132.441,46.6997,163.8663,226.9063,97.5013,-34.758,-1.223
25,1518,,,,,13,Income group,1802,No income group available,2,Medium,2009,28602.624,28805.407,14393.858,14411.549,24.0812,99.8772,24.547,446.555,15.492,405.565,1.408,49.2292,608.879,130.65,21.123,2.5056,1.1898,26.342,105.2,162.324,98.252,64.072,5.631,72.5136,68.498,76.8613,59.0334,55.1302,63.2387,16.0463,14.4303,17.5586,6.3651,5.4495,7.0554,9.018,14.8159,600.954,10.655,17.5212,73.1126,104.8792,39.7223,180.1696,243.6113,113.0972,89.3942,130.6397,46.2403,162.4314,224.8802,96.8168,-40.857,-1.417
25,1518,,,,,13,Income group,1802,No income group available,2,Medium,2010,29008.189,29209.286,14588.45,14620.837,24.4189,99.7785,24.8166,445.152,15.229,402.195,1.377,50.3375,608.254,130.404,20.809,2.4766,1.1748,26.284,105.5,163.102,97.894,65.208,5.58,72.8242,68.8912,77.0439,59.327,55.4954,63.4177,16.246,14.6663,17.6963,6.4724,5.5803,7.1235,9.015,14.8243,600.33,10.664,17.5407,71.2637,101.9701,39.0094,176.2337,237.747,111.4126,86.9137,126.9401,45.0816,158.7233,219.3596,95.1995,-42.847,-1.466
25,1518,,,,,13,Income group,1802,No income group available,2,Medium,2011,29410.384,29607.605,14781.056,14826.549,24.7519,99.6932,25.0904,438.928,14.814,394.441,1.332,52.0381,606.566,128.974,20.472,2.4493,1.1611,26.314,105.6,167.638,99.94,67.698,5.658,72.8537,68.9639,77.0103,59.3584,55.5635,63.3937,16.2859,14.7417,17.6883,6.4879,5.629,7.1018,9.024,14.8777,598.633,10.671,17.5924,70.8648,101.2452,38.9442,175.7034,236.5308,111.659,86.3122,126.0006,44.8295,158.1822,218.2154,95.3301,-44.332,-1.496
25,1518,,,,,13,Income group,1802,No income group available,2,Medium,2012,29804.825,29999.337,14969.938,15029.398,25.0794,99.6044,25.3714,434.142,14.461,389.023,1.297,53.4423,605.001,129.598,20.152,2.4229,1.149,26.294,105.7,170.859,102.836,68.023,5.691,72.9778,68.9357,77.3231,59.4718,55.5176,63.7034,16.3931,14.7444,17.9034,6.574,5.65,7.2393,9.073,14.9992,597.019,10.73,17.7318,70.2279,100.9368,37.9368,174.3783,236.7446,108.6214,85.5712,126.1034,43.1617,157.0212,218.6786,92.3637,-45.0,-1.499
25,1518,,,,,13,Income group,1802,No income group available,2,Medium,2013,30193.848,30384.451,15155.642,15228.81,25.4013,99.5195,25.6609,428.518,14.093,381.207,1.255,55.2309,602.4,128.538,19.811,2.3936,1.135,26.27,105.7,173.882,102.916,70.966,5.718,73.1407,69.2829,77.2377,59.6446,55.8719,63.6318,16.4714,14.9343,17.847,6.6278,5.7952,7.2057,9.153,15.1919,594.344,10.832,17.9685,68.9506,98.3785,38.0305,171.7509,231.2202,109.2674,83.6755,122.4696,43.1478,154.2913,213.0799,92.8491,-47.181,-1.552
25,1518,,,,,13,Income group,1802,No income group available,2,Medium,2014,30575.055,30755.819,15334.553,15421.266,25.7118,99.4377,25.9554,416.149,13.519,361.527,1.175,58.9912,600.014,125.533,19.492,2.3685,1.1221,26.303,105.8,183.865,108.86,75.005,5.973,72.8098,68.8873,76.9993,59.331,55.4895,63.4151,16.2783,14.7214,17.6813,6.5394,5.7211,7.1105,9.29,15.4838,591.829,11.002,18.3223,70.1999,100.2831,38.5493,175.7465,236.862,111.3832,85.5664,125.5385,43.7427,158.1025,218.621,94.6973,-54.494,-1.77
25,1518,,,,,13,Income group,1802,No income group available,2,Medium,2015,30936.582,31106.935,15502.62,15604.315,26.0053,99.3483,26.2512,410.716,13.189,340.706,1.095,63.3011,597.473,123.372,19.186,2.344,1.1104,26.309,105.8,186.757,110.422,76.335,5.997,72.965,69.044,77.1444,59.505,55.6648,63.5793,16.3601,14.7735,17.7861,6.6284,5.8136,7.1934,9.413,15.754,589.174,11.155,18.6494,69.1724,98.6552,38.1589,173.5892,234.1007,109.9357,83.9255,123.3988,42.6559,155.7418,215.6555,93.0444,-69.888,-2.244
25,1518,,,,,13,Income group,1802,No income group available,2,Medium,2016,31277.288,31333.054,15606.041,15727.013,26.1943,99.2308,26.5453,387.581,12.316,111.532,0.356,,594.21,121.808,18.882,2.3202,1.0986,26.323,105.8,206.629,124.303,82.326,6.566,72.0374,67.7892,76.6786,58.5769,54.4008,63.1221,15.8219,14.0642,17.4582,6.3625,5.483,6.9992,9.453,15.905,585.873,11.206,18.8325,73.0958,105.3759,39.0274,185.7411,253.1775,114.1749,90.586,134.6947,44.2418,167.9226,234.9445,97.1514,-275.924,-8.768
25,1518,,,,,13,Income group,1802,No income group available,2,Medium,2017,31388.82,31168.697,15513.487,15655.21,26.0569,99.0947,26.8495,371.322,11.761,-440.246,-1.412,,583.62,120.38,18.485,2.2972,1.0863,26.33,105.8,212.298,124.273,88.025,6.724,71.93,67.9708,76.1776,58.5178,54.638,62.6613,15.7666,14.1767,17.1977,6.3581,5.6213,6.8631,9.348,15.9992,575.38,11.196,19.1146,73.8438,104.5704,41.4345,187.1896,250.563,120.2763,91.1253,132.925,47.3164,168.774,231.6471,102.7374,-811.502,-25.703
25,1518,,,,,13,Income group,1802,No income group available,2,Medium,2018,30948.574,30444.406,15141.368,15303.038,25.4514,98.9435,27.1948,341.256,10.968,-1008.337,-3.312,,554.419,114.789,17.819,2.2751,1.0769,26.365,105.7,213.163,125.69,87.473,6.851,71.968,67.8744,76.3787,58.551,54.5331,62.8614,15.7637,14.0444,17.3173,6.4225,5.6206,6.971,8.898,15.9992,546.591,10.703,19.115,73.0348,103.6657,40.6571,186.7141,251.7204,118.0716,90.5816,133.0546,46.0397,168.3608,232.9104,100.5548,-1349.51,-43.374
25,1518,,,,,13,Income group,1802,No income group available,2,Medium,2019,29940.237,29604.195,14710.623,14893.572,24.749,98.7716,27.5625,297.345,9.886,-672.084,-2.27,,507.941,109.339,16.887,2.2539,1.0687,26.371,105.6,210.596,123.22,87.376,7.001,72.1525,68.082,76.5137,58.6967,54.7007,62.9593,15.7372,13.9891,17.2961,6.4568,5.659,6.9867,8.148,15.9555,500.789,9.776,18.8909,69.763,99.2228,38.5224,182.8435,247.3099,115.0091,87.4704,129.1199,43.8142,164.9517,228.9608,97.9431,-969.371,-32.227
25,1518,,,,,13,Income group,1802,No income group available,2,Medium,2020,29268.153,29134.878,14464.884,14669.995,24.3567,98.6018,27.8887,254.81,8.67,-266.549,-0.915,,476.642,106.291,16.218,2.2338,1.0538,26.382,105.4,221.832,129.419,92.413,7.548,71.1104,66.8155,75.7788,57.7248,53.5107,62.2849,15.6399,13.8576,17.2392,6.2482,5.2676,6.9354,7.624,15.9384,469.937,9.174,18.8653,93.7396,134.7028,48.9568,195.8762,258.5881,128.248,107.3653,154.8796,55.9268,177.014,239.0668,110.4309,-521.295,-17.737
